{
          "Nodes": 40221,
          "Edges": 160885,
          "Pagerank Top Nodes": [
                    15791812,
                    16850123,
                    26943236,
                    23463798,
                    22353706
          ],
          "Graph Density": 9.945362661944176e-05,
          "Average Degree": 8.000049725267894,
          "Number of connected components": 31,
          "Number of communities": [
                    163,
                    0.9191095893240366
          ],
          "largest_component_size": 9693,
          "avg_clustering": 0.30735569614500596,
          "top_degree_nodes": [
                    [
                              23463798,
                              42
                    ],
                    [
                              11242053,
                              37
                    ],
                    [
                              27399411,
                              33
                    ],
                    [
                              34766984,
                              33
                    ],
                    [
                              16809644,
                              32
                    ],
                    [
                              12016139,
                              32
                    ],
                    [
                              16862185,
                              32
                    ],
                    [
                              21448316,
                              32
                    ],
                    [
                              15450610,
                              31
                    ],
                    [
                              21816040,
                              31
                    ]
          ]
}