{
          "Nodes": 40221,
          "Edges": 361989,
          "Pagerank Top Nodes": [
                    22353706,
                    8472392,
                    22564122,
                    11242053,
                    22684583
          ],
          "Graph Density": 0.00022376926902038785,
          "Average Degree": 18.0,
          "Number of connected components": 21,
          "Number of communities": [
                    38,
                    0.9456436969642239
          ],
          "largest_component_size": 3188,
          "avg_clustering": 0.345771672882207,
          "top_degree_nodes": [
                    [
                              23463798,
                              76
                    ],
                    [
                              19721809,
                              71
                    ],
                    [
                              25682878,
                              68
                    ],
                    [
                              22303401,
                              65
                    ],
                    [
                              23509776,
                              64
                    ],
                    [
                              11242053,
                              63
                    ],
                    [
                              20925959,
                              63
                    ],
                    [
                              22319179,
                              62
                    ],
                    [
                              17224041,
                              61
                    ],
                    [
                              31692920,
                              61
                    ]
          ]
}