{"method": "PPR", "final scores": {"recallk": 0.3531417195851508, "mrr": 0.574812030075188, "ndcg": 0.2773788607434253, "mapk": 0.6112297410623638}, "k": 10, "alpha": 0.3, "reranker": "", "sample_type": "small", "init": 5}
{"method": "PPR", "final scores": {"recallk": 0.3959359221108936, "mrr": 0.6214285714285714, "ndcg": 0.3142131048678788, "mapk": 0.6563549512366672}, "k": 10, "alpha": 0.3, "reranker": "", "sample_type": "medium", "init": 5}
{"method": "PPR", "final scores": {"recallk": 0.36733944581697414, "mrr": 0.6778195488721804, "ndcg": 0.2907437213202026, "mapk": 0.7155642325869416}, "k": 10, "alpha": 0.3, "reranker": "", "sample_type": "long", "init": 5}
{"method": "PPR", "final scores": {"recallk": 0.3721390291710067, "mrr": 0.6246867167919801, "ndcg": 0.2941118956438355, "mapk": 0.6610496416286575}, "k": 10, "alpha": 0.3, "reranker": "", "sample_type": "all_samples", "init": 5}
{"method": "PPR", "final scores": {"recallk": 0.3531417195851508, "mrr": 0.5829573934837093, "ndcg": 0.27981668408023525, "mapk": 0.6155161665479542}, "k": 10, "alpha": 0.5, "reranker": "", "sample_type": "small", "init": 5}
{"method": "PPR", "final scores": {"recallk": 0.3959359221108936, "mrr": 0.6335839598997494, "ndcg": 0.319402247314639, "mapk": 0.6619330964060088}, "k": 10, "alpha": 0.5, "reranker": "", "sample_type": "medium", "init": 5}
{"method": "PPR", "final scores": {"recallk": 0.36733944581697414, "mrr": 0.6844611528822055, "ndcg": 0.2911842562738426, "mapk": 0.7184003481814617}, "k": 10, "alpha": 0.5, "reranker": "", "sample_type": "long", "init": 5}
{"method": "PPR", "final scores": {"recallk": 0.3721390291710067, "mrr": 0.6336675020885549, "ndcg": 0.2968010625562389, "mapk": 0.6652832037118082}, "k": 10, "alpha": 0.5, "reranker": "", "sample_type": "all_samples", "init": 5}
{"method": "k-steph", "final scores": {"recallk": 0.44337076155639704, "mrr": 0.622263993316625, "ndcg": 0.34933330804462415, "mapk": 0.6348525941771469}, "k": 10, "reranker": "BM25", "sample_type": "small", "init": 5}
{"method": "k-steph", "final scores": {"recallk": 0.44300658382609176, "mrr": 0.5725563909774436, "ndcg": 0.3302925946717927, "mapk": 0.6103529059604133}, "k": 10, "reranker": "graph_aware", "sample_type": "small", "init": 5}
{"method": "k-steph", "final scores": {"recallk": 0.48012307172269153, "mrr": 0.6622568325575843, "ndcg": 0.3776483451788691, "mapk": 0.6777723119833957}, "k": 10, "reranker": "BM25", "sample_type": "medium", "init": 5}
{"method": "k-steph", "final scores": {"recallk": 0.4729064895606813, "mrr": 0.5957482993197281, "ndcg": 0.35133518057866353, "mapk": 0.63759638247253}, "k": 10, "reranker": "graph_aware", "sample_type": "medium", "init": 5}
{"method": "k-steph", "final scores": {"recallk": 0.4668602541462104, "mrr": 0.6995614035087718, "ndcg": 0.3659205735614947, "mapk": 0.7215061894470782}, "k": 10, "reranker": "BM25", "sample_type": "long", "init": 5}
{"method": "k-steph", "final scores": {"recallk": 0.4577936090209396, "mrr": 0.6418725384890798, "ndcg": 0.3355349505200308, "mapk": 0.6882685412255845}, "k": 10, "reranker": "graph_aware", "sample_type": "long", "init": 5}
{"method": "k-steph", "final scores": {"recallk": 0.46345136247509955, "mrr": 0.6613607431276606, "ndcg": 0.3643007422616627, "mapk": 0.6780436985358738}, "k": 10, "reranker": "BM25", "sample_type": "all_samples", "init": 5}
{"method": "k-steph", "final scores": {"recallk": 0.4579022274692374, "mrr": 0.6033924095954173, "ndcg": 0.3390542419234955, "mapk": 0.6454059432195095}, "k": 10, "reranker": "graph_aware", "sample_type": "all_samples", "init": 5}
{"method": "k-steph", "final scores": {"recallk": 0.44337076155639704, "mrr": 0.622263993316625, "ndcg": 0.34933330804462415, "mapk": 0.6348525941771469}, "k": 10, "reranker": "BM25", "sample_type": "small", "init": 5}
{"method": "k-steph", "final scores": {"recallk": 0.4442818212017705, "mrr": 0.5827783745076979, "ndcg": 0.33738631446549355, "mapk": 0.6179379294716012}, "k": 10, "reranker": "graph_aware", "sample_type": "small", "init": 5}
{"method": "k-steph", "final scores": {"recallk": 0.48012307172269153, "mrr": 0.6622568325575843, "ndcg": 0.3776483451788691, "mapk": 0.6777723119833957}, "k": 10, "reranker": "BM25", "sample_type": "medium", "init": 5}
{"method": "k-steph", "final scores": {"recallk": 0.47901640896189346, "mrr": 0.6290488125074591, "ndcg": 0.3698054164403738, "mapk": 0.6592186912582589}, "k": 10, "reranker": "graph_aware", "sample_type": "medium", "init": 5}
{"method": "k-steph", "final scores": {"recallk": 0.4668602541462104, "mrr": 0.7008145363408521, "ndcg": 0.36726671842676345, "mapk": 0.7226381639290897}, "k": 10, "reranker": "BM25", "sample_type": "long", "init": 5}
{"method": "k-steph", "final scores": {"recallk": 0.4616847712817101, "mrr": 0.6695160520348491, "ndcg": 0.35774720995116016, "mapk": 0.7097620274681702}, "k": 10, "reranker": "graph_aware", "sample_type": "long", "init": 5}
{"method": "k-steph", "final scores": {"recallk": 0.46345136247509955, "mrr": 0.6617784540716872, "ndcg": 0.36474945721675234, "mapk": 0.678421023363211}, "k": 10, "reranker": "BM25", "sample_type": "all_samples", "init": 5}
{"method": "k-steph", "final scores": {"recallk": 0.4616610004817911, "mrr": 0.6271144130166689, "ndcg": 0.35497964695234263, "mapk": 0.6623062160660104}, "k": 10, "reranker": "graph_aware", "sample_type": "all_samples", "init": 5}
{"method": "k-steph", "final scores": {"recallk": 0.46350982474009234, "mrr": 0.6731829573934837, "ndcg": 0.41517575345260804, "mapk": 0.6853673777996547}, "k": 10, "reranker": "cross_encoder", "sample_type": "small", "init": 5}
{"method": "k-steph", "final scores": {"recallk": 0.5037641473684823, "mrr": 0.7184001670843775, "ndcg": 0.4478822054068021, "mapk": 0.7260851672234163}, "k": 10, "reranker": "cross_encoder", "sample_type": "medium", "init": 5}
{"method": "k-steph", "final scores": {"recallk": 0.48613913097256367, "mrr": 0.7929197994987468, "ndcg": 0.44257464967543214, "mapk": 0.7898073877824593}, "k": 10, "reranker": "cross_encoder", "sample_type": "long", "init": 5}
{"method": "k-steph", "final scores": {"recallk": 0.48447103436037925, "mrr": 0.728167641325536, "ndcg": 0.43521086951161375, "mapk": 0.7337533109351764}, "k": 10, "reranker": "cross_encoder", "sample_type": "all_samples", "init": 5}
