{
          "Nodes": 40221,
          "Edges": 98218,
          "Pagerank Top Nodes": [
                    34885209,
                    34583974,
                    34620745,
                    33176147,
                    34599472
          ],
          "Graph Density": 6.0715021905760826e-05,
          "Average Degree": 4.8839163620994,
          "Number of connected components": 3095,
          "Number of communities": [
                    3293,
                    0.972238561130219
          ],
          "largest_component_size": 2844,
          "avg_clustering": 0.20192447639490588,
          "top_degree_nodes": [
                    [
                              287325,
                              9
                    ],
                    [
                              1387133,
                              9
                    ],
                    [
                              1468866,
                              9
                    ],
                    [
                              1901182,
                              9
                    ],
                    [
                              2300562,
                              9
                    ],
                    [
                              2511623,
                              9
                    ],
                    [
                              2515622,
                              9
                    ],
                    [
                              2807674,
                              9
                    ],
                    [
                              6685828,
                              9
                    ],
                    [
                              7707626,
                              9
                    ]
          ]
}