{
          "Nodes": 40221,
          "Edges": 39145,
          "Pagerank Top Nodes": [
                    32709714,
                    24469045,
                    29048557,
                    22388545,
                    29387716
          ],
          "Graph Density": 2.4198105566199755e-05,
          "Average Degree": 1.9464956117451082,
          "Number of connected components": 12273,
          "Number of communities": [
                    12283,
                    0.9983948474841258
          ],
          "largest_component_size": 1456,
          "avg_clustering": 0.12059620596205892,
          "top_degree_nodes": [
                    [
                              23188,
                              4
                    ],
                    [
                              179993,
                              4
                    ],
                    [
                              1031954,
                              4
                    ],
                    [
                              1067597,
                              4
                    ],
                    [
                              1247555,
                              4
                    ],
                    [
                              1320716,
                              4
                    ],
                    [
                              1331777,
                              4
                    ],
                    [
                              1403782,
                              4
                    ],
                    [
                              1469425,
                              4
                    ],
                    [
                              1470299,
                              4
                    ]
          ]
}