{
          "Nodes": 40221,
          "Edges": 160884,
          "Pagerank Top Nodes": [
                    23463798,
                    22353706,
                    26943236,
                    15791812,
                    16850123
          ],
          "Graph Density": 9.945300845350572e-05,
          "Average Degree": 8.0,
          "Number of connected components": 20,
          "Number of communities": [
                    165,
                    0.925005517194707
          ],
          "largest_component_size": 5420,
          "avg_clustering": 0.3042664083835899,
          "top_degree_nodes": [
                    [
                              23463798,
                              43
                    ],
                    [
                              11242053,
                              37
                    ],
                    [
                              12016139,
                              34
                    ],
                    [
                              26874353,
                              34
                    ],
                    [
                              29100083,
                              33
                    ],
                    [
                              22303401,
                              32
                    ],
                    [
                              21952424,
                              32
                    ],
                    [
                              21816040,
                              32
                    ],
                    [
                              29070071,
                              32
                    ],
                    [
                              15450610,
                              31
                    ]
          ]
}