{
          "Nodes": 40221,
          "Edges": 222630,
          "Pagerank Top Nodes": [
                    34819468,
                    34478114,
                    34885209,
                    32637041,
                    31824865
          ],
          "Graph Density": 0.00013762228234009583,
          "Average Degree": 11.070336391437309,
          "Number of connected components": 479,
          "Number of communities": [
                    618,
                    0.8052294503606905
          ],
          "largest_component_size": 39361,
          "avg_clustering": 0.22250920757421655,
          "top_degree_nodes": [
                    [
                              287325,
                              19
                    ],
                    [
                              409284,
                              19
                    ],
                    [
                              730866,
                              19
                    ],
                    [
                              895593,
                              19
                    ],
                    [
                              1286503,
                              19
                    ],
                    [
                              1309939,
                              19
                    ],
                    [
                              1331777,
                              19
                    ],
                    [
                              1379146,
                              19
                    ],
                    [
                              1392366,
                              19
                    ],
                    [
                              1412053,
                              19
                    ]
          ]
}