{
          "Nodes": 40221,
          "Edges": 764199,
          "Pagerank Top Nodes": [
                    11850619,
                    11242053,
                    11242054,
                    8479464,
                    23166515
          ],
          "Graph Density": 0.0004724017901541522,
          "Average Degree": 38.0,
          "Number of connected components": 11,
          "Number of communities": [
                    12,
                    0.8925709033582099
          ],
          "largest_component_size": 5815,
          "avg_clustering": 0.3477866343061657,
          "top_degree_nodes": [
                    [
                              25682878,
                              135
                    ],
                    [
                              20925959,
                              128
                    ],
                    [
                              24152286,
                              128
                    ],
                    [
                              19721809,
                              126
                    ],
                    [
                              27296952,
                              126
                    ],
                    [
                              17224041,
                              124
                    ],
                    [
                              11242053,
                              122
                    ],
                    [
                              16854228,
                              121
                    ],
                    [
                              20693987,
                              121
                    ],
                    [
                              15448640,
                              119
                    ]
          ]
}