{
          "Nodes": 40221,
          "Edges": 361991,
          "Pagerank Top Nodes": [
                    26943236,
                    20512075,
                    21904575,
                    8472392,
                    22353706
          ],
          "Graph Density": 0.00022377050535225994,
          "Average Degree": 18.00009945053579,
          "Number of connected components": 11,
          "Number of communities": [
                    52,
                    0.8967320579382059
          ],
          "largest_component_size": 5323,
          "avg_clustering": 0.34343057598267385,
          "top_degree_nodes": [
                    [
                              23463798,
                              76
                    ],
                    [
                              25682878,
                              70
                    ],
                    [
                              22303401,
                              68
                    ],
                    [
                              17224041,
                              64
                    ],
                    [
                              12016139,
                              63
                    ],
                    [
                              24462468,
                              63
                    ],
                    [
                              16784548,
                              62
                    ],
                    [
                              24144163,
                              60
                    ],
                    [
                              30251885,
                              60
                    ],
                    [
                              11242053,
                              60
                    ]
          ]
}