{
          "Nodes": 40221,
          "Edges": 221835,
          "Pagerank Top Nodes": [
                    34478114,
                    34535136,
                    34885209,
                    32637041,
                    32083401
          ],
          "Graph Density": 0.0001371308404209458,
          "Average Degree": 11.030804803460878,
          "Number of connected components": 506,
          "Number of communities": [
                    655,
                    0.8608962096709115
          ],
          "largest_component_size": 9420,
          "avg_clustering": 0.22524553061631075,
          "top_degree_nodes": [
                    [
                              1428226,
                              19
                    ],
                    [
                              1569364,
                              19
                    ],
                    [
                              2154411,
                              19
                    ],
                    [
                              2168281,
                              19
                    ],
                    [
                              8040892,
                              19
                    ],
                    [
                              8081035,
                              19
                    ],
                    [
                              8353142,
                              19
                    ],
                    [
                              8783671,
                              19
                    ],
                    [
                              8824770,
                              19
                    ],
                    [
                              8844397,
                              19
                    ]
          ]
}