{
          "Nodes": 40221,
          "Edges": 96614,
          "Pagerank Top Nodes": [
                    29785026,
                    34885209,
                    33176147,
                    34620745,
                    31991682
          ],
          "Graph Density": 5.9723483744356195e-05,
          "Average Degree": 4.804157032396012,
          "Number of connected components": 3026,
          "Number of communities": [
                    3232,
                    0.9574265177632818
          ],
          "largest_component_size": 33816,
          "avg_clustering": 0.18752352577406975,
          "top_degree_nodes": [
                    [
                              11906,
                              9
                    ],
                    [
                              117628,
                              9
                    ],
                    [
                              207959,
                              9
                    ],
                    [
                              287325,
                              9
                    ],
                    [
                              452602,
                              9
                    ],
                    [
                              453349,
                              9
                    ],
                    [
                              464793,
                              9
                    ],
                    [
                              475965,
                              9
                    ],
                    [
                              697225,
                              9
                    ],
                    [
                              708596,
                              9
                    ]
          ]
}