{
          "Nodes": 40221,
          "Edges": 160910,
          "Pagerank Top Nodes": [
                    15791812,
                    16850123,
                    26874353,
                    26943236,
                    22353706
          ],
          "Graph Density": 9.94690807678427e-05,
          "Average Degree": 8.001292856965266,
          "Number of connected components": 19,
          "Number of communities": [
                    162,
                    0.9153736756527006
          ],
          "largest_component_size": 40035,
          "avg_clustering": 0.29427319681245,
          "top_degree_nodes": [
                    [
                              23463798,
                              41
                    ],
                    [
                              11830511,
                              38
                    ],
                    [
                              26874353,
                              38
                    ],
                    [
                              11242053,
                              37
                    ],
                    [
                              16809644,
                              35
                    ],
                    [
                              11399382,
                              34
                    ],
                    [
                              16862185,
                              34
                    ],
                    [
                              25401082,
                              34
                    ],
                    [
                              27940438,
                              34
                    ],
                    [
                              34766984,
                              34
                    ]
          ]
}