{"method": "PPR", "final scores": {"recallk": 0.3531417195851508, "mrr": 0.593859649122807, "ndcg": 0.27727013643232923, "mapk": 0.6201879765587895}, "k": 10, "alpha": 0.3, "reranker": "", "sample_type": "small", "init": 5}
{"method": "PPR", "final scores": {"recallk": 0.3959359221108936, "mrr": 0.5998746867167919, "ndcg": 0.30835842088407517, "mapk": 0.6431391694962767}, "k": 10, "alpha": 0.3, "reranker": "", "sample_type": "medium", "init": 5}
{"method": "PPR", "final scores": {"recallk": 0.36733944581697414, "mrr": 0.6696741854636591, "ndcg": 0.28952294059509165, "mapk": 0.7100055435975525}, "k": 10, "alpha": 0.3, "reranker": "", "sample_type": "long", "init": 5}
{"method": "PPR", "final scores": {"recallk": 0.3721390291710067, "mrr": 0.6211361737677528, "ndcg": 0.2917171659704987, "mapk": 0.6577775632175397}, "k": 10, "alpha": 0.3, "reranker": "", "sample_type": "all_samples", "init": 5}
{"method": "PPR", "final scores": {"recallk": 0.3531417195851508, "mrr": 0.599498746867168, "ndcg": 0.2806659365386557, "mapk": 0.6233818347133872}, "k": 10, "alpha": 0.5, "reranker": "", "sample_type": "small", "init": 5}
{"method": "PPR", "final scores": {"recallk": 0.3959359221108936, "mrr": 0.6020050125313283, "ndcg": 0.3089497592969411, "mapk": 0.6438368123237791}, "k": 10, "alpha": 0.5, "reranker": "", "sample_type": "medium", "init": 5}
{"method": "PPR", "final scores": {"recallk": 0.36733944581697414, "mrr": 0.6857142857142857, "ndcg": 0.293965131450345, "mapk": 0.7173003235353749}, "k": 10, "alpha": 0.5, "reranker": "", "sample_type": "long", "init": 5}
{"method": "PPR", "final scores": {"recallk": 0.3721390291710067, "mrr": 0.6290726817042607, "ndcg": 0.29452694242864724, "mapk": 0.6615063235241805}, "k": 10, "alpha": 0.5, "reranker": "", "sample_type": "all_samples", "init": 5}
{"method": "k-steph", "final scores": {"recallk": 0.44241887040910843, "mrr": 0.6214285714285714, "ndcg": 0.3531667718866765, "mapk": 0.6342768576182527}, "k": 10, "reranker": "BM25", "sample_type": "small", "init": 5}
{"method": "k-steph", "final scores": {"recallk": 0.4509660028796645, "mrr": 0.5765664160401002, "ndcg": 0.334687033485227, "mapk": 0.611221552016183}, "k": 10, "reranker": "graph_aware", "sample_type": "small", "init": 5}
{"method": "k-steph", "final scores": {"recallk": 0.4735967482746521, "mrr": 0.6622269960615824, "ndcg": 0.3798750608477078, "mapk": 0.6755887199020281}, "k": 10, "reranker": "BM25", "sample_type": "medium", "init": 5}
{"method": "k-steph", "final scores": {"recallk": 0.4750543004384289, "mrr": 0.5741735290607471, "ndcg": 0.34745308852969, "mapk": 0.6311835893379164}, "k": 10, "reranker": "graph_aware", "sample_type": "medium", "init": 5}
{"method": "k-steph", "final scores": {"recallk": 0.46608643732453653, "mrr": 0.7024107888769544, "ndcg": 0.36902508118601085, "mapk": 0.7260030032256406}, "k": 10, "reranker": "BM25", "sample_type": "long", "init": 5}
{"method": "k-steph", "final scores": {"recallk": 0.4577932727499673, "mrr": 0.6543322592194769, "ndcg": 0.34263440303947656, "mapk": 0.6960971352251695}, "k": 10, "reranker": "graph_aware", "sample_type": "long", "init": 5}
{"method": "k-steph", "final scores": {"recallk": 0.46070068533609887, "mrr": 0.6620221187890363, "ndcg": 0.367355637973465, "mapk": 0.6786228602486406}, "k": 10, "reranker": "BM25", "sample_type": "all_samples", "init": 5}
{"method": "k-steph", "final scores": {"recallk": 0.4612711920226869, "mrr": 0.6016907347734417, "ndcg": 0.34159150835146435, "mapk": 0.6461674255264227}, "k": 10, "reranker": "graph_aware", "sample_type": "all_samples", "init": 5}
{"method": "k-steph", "final scores": {"recallk": 0.44241887040910843, "mrr": 0.6214285714285714, "ndcg": 0.3531667718866765, "mapk": 0.6342768576182527}, "k": 10, "reranker": "BM25", "sample_type": "small", "init": 5}
{"method": "k-steph", "final scores": {"recallk": 0.4531809087928326, "mrr": 0.5980665950590762, "ndcg": 0.34313435741004306, "mapk": 0.6235023307105263}, "k": 10, "reranker": "graph_aware", "sample_type": "small", "init": 5}
{"method": "k-steph", "final scores": {"recallk": 0.4735967482746521, "mrr": 0.6622269960615824, "ndcg": 0.3798750608477078, "mapk": 0.6755887199020281}, "k": 10, "reranker": "BM25", "sample_type": "medium", "init": 5}
{"method": "k-steph", "final scores": {"recallk": 0.474428713989413, "mrr": 0.5902464494569758, "ndcg": 0.3610616680201209, "mapk": 0.6387113586164354}, "k": 10, "reranker": "graph_aware", "sample_type": "medium", "init": 5}
{"method": "k-steph", "final scores": {"recallk": 0.46608643732453653, "mrr": 0.7036639217090346, "ndcg": 0.37027821401809097, "mapk": 0.7269874374630199}, "k": 10, "reranker": "BM25", "sample_type": "long", "init": 5}
{"method": "k-steph", "final scores": {"recallk": 0.46285953252753, "mrr": 0.6798543978995107, "ndcg": 0.3613370817382461, "mapk": 0.7107311818489364}, "k": 10, "reranker": "graph_aware", "sample_type": "long", "init": 5}
{"method": "k-steph", "final scores": {"recallk": 0.46070068533609887, "mrr": 0.6624398297330629, "ndcg": 0.3677733489174917, "mapk": 0.6789510049944336}, "k": 10, "reranker": "BM25", "sample_type": "all_samples", "init": 5}
{"method": "k-steph", "final scores": {"recallk": 0.4634897184365918, "mrr": 0.6227224808051878, "ndcg": 0.3551777023894699, "mapk": 0.6576482903919663}, "k": 10, "reranker": "graph_aware", "sample_type": "all_samples", "init": 5}
{"method": "k-steph", "final scores": {"recallk": 0.47560138497238474, "mrr": 0.6648287385129491, "ndcg": 0.4284100426245115, "mapk": 0.6829254782801226}, "k": 10, "reranker": "cross_encoder", "sample_type": "small", "init": 5}
{"method": "k-steph", "final scores": {"recallk": 0.49497351459691785, "mrr": 0.7150137247881608, "ndcg": 0.435161882614144, "mapk": 0.7201193804700364}, "k": 10, "reranker": "cross_encoder", "sample_type": "medium", "init": 5}
{"method": "k-steph", "final scores": {"recallk": 0.4857701067368924, "mrr": 0.7859649122807018, "ndcg": 0.44092423655149415, "mapk": 0.7824848652041799}, "k": 10, "reranker": "cross_encoder", "sample_type": "long", "init": 5}
{"method": "k-steph", "final scores": {"recallk": 0.4854483354353984, "mrr": 0.721935791860604, "ndcg": 0.43483205393004964, "mapk": 0.728509907984779}, "k": 10, "reranker": "cross_encoder", "sample_type": "all_samples", "init": 5}
