{
          "Nodes": 40221,
          "Edges": 98521,
          "Pagerank Top Nodes": [
                    32647372,
                    29932419,
                    33176147,
                    29785026,
                    33049674
          ],
          "Graph Density": 6.090232618438028e-05,
          "Average Degree": 4.898983118271549,
          "Number of connected components": 2883,
          "Number of communities": [
                    3076,
                    0.9598626132154706
          ],
          "largest_component_size": 8227,
          "avg_clustering": 0.1992970090251392,
          "top_degree_nodes": [
                    [
                              1309939,
                              9
                    ],
                    [
                              1332607,
                              9
                    ],
                    [
                              1478673,
                              9
                    ],
                    [
                              1717335,
                              9
                    ],
                    [
                              1808207,
                              9
                    ],
                    [
                              2040696,
                              9
                    ],
                    [
                              2095460,
                              9
                    ],
                    [
                              2233735,
                              9
                    ],
                    [
                              2247152,
                              9
                    ],
                    [
                              2431391,
                              9
                    ]
          ]
}