{
          "Nodes": 40221,
          "Edges": 39404,
          "Pagerank Top Nodes": [
                    24469045,
                    28356547,
                    25424139,
                    31462144,
                    23532677
          ],
          "Graph Density": 2.4358210543633546e-05,
          "Average Degree": 1.9593744561298825,
          "Number of connected components": 12205,
          "Number of communities": [
                    12216,
                    0.998539066652992
          ],
          "largest_component_size": 955,
          "avg_clustering": 0.12624416764045285,
          "top_degree_nodes": [
                    [
                              895593,
                              4
                    ],
                    [
                              1363224,
                              4
                    ],
                    [
                              1837999,
                              4
                    ],
                    [
                              2142858,
                              4
                    ],
                    [
                              2212256,
                              4
                    ],
                    [
                              2523644,
                              4
                    ],
                    [
                              2523646,
                              4
                    ],
                    [
                              2689138,
                              4
                    ],
                    [
                              2952859,
                              4
                    ],
                    [
                              7549071,
                              4
                    ]
          ]
}