{"method": "PPR", "final scores": {"recallk": 0.3531417195851508, "mrr": 0.5875939849624061, "ndcg": 0.2762968936663234, "mapk": 0.6189420986248559}, "k": 10, "alpha": 0.3, "reranker": "", "sample_type": "small", "init": 5}
{"method": "PPR", "final scores": {"recallk": 0.3959359221108936, "mrr": 0.6348370927318295, "ndcg": 0.31817083878138447, "mapk": 0.6646965287062541}, "k": 10, "alpha": 0.3, "reranker": "", "sample_type": "medium", "init": 5}
{"method": "PPR", "final scores": {"recallk": 0.36733944581697414, "mrr": 0.7028822055137846, "ndcg": 0.2986586073562269, "mapk": 0.7260461918010438}, "k": 10, "alpha": 0.3, "reranker": "", "sample_type": "long", "init": 5}
{"method": "PPR", "final scores": {"recallk": 0.3721390291710067, "mrr": 0.6417710944026734, "ndcg": 0.29770877993464484, "mapk": 0.669894939710718}, "k": 10, "alpha": 0.3, "reranker": "", "sample_type": "all_samples", "init": 5}
{"method": "PPR", "final scores": {"recallk": 0.3531417195851508, "mrr": 0.5913533834586466, "ndcg": 0.27731131699593825, "mapk": 0.6193363776340574}, "k": 10, "alpha": 0.5, "reranker": "", "sample_type": "small", "init": 5}
{"method": "PPR", "final scores": {"recallk": 0.3959359221108936, "mrr": 0.6394736842105263, "ndcg": 0.3213529975979854, "mapk": 0.667670084109408}, "k": 10, "alpha": 0.5, "reranker": "", "sample_type": "medium", "init": 5}
{"method": "PPR", "final scores": {"recallk": 0.36733944581697414, "mrr": 0.7122807017543861, "ndcg": 0.3041487020794567, "mapk": 0.7331187793515785}, "k": 10, "alpha": 0.5, "reranker": "", "sample_type": "long", "init": 5}
{"method": "PPR", "final scores": {"recallk": 0.3721390291710067, "mrr": 0.6477025898078531, "ndcg": 0.30093767222446016, "mapk": 0.6733750803650145}, "k": 10, "alpha": 0.5, "reranker": "", "sample_type": "all_samples", "init": 5}
{"method": "k-steph", "final scores": {"recallk": 0.45037624573627494, "mrr": 0.6183136412459721, "ndcg": 0.3510567704523212, "mapk": 0.6341139897066327}, "k": 10, "reranker": "BM25", "sample_type": "small", "init": 5}
{"method": "k-steph", "final scores": {"recallk": 0.4463152171720546, "mrr": 0.584795321637427, "ndcg": 0.32680662091897367, "mapk": 0.6121800272061705}, "k": 10, "reranker": "graph_aware", "sample_type": "small", "init": 5}
{"method": "k-steph", "final scores": {"recallk": 0.48325266838827613, "mrr": 0.6625701157656044, "ndcg": 0.3803751080716159, "mapk": 0.682026068080917}, "k": 10, "reranker": "BM25", "sample_type": "medium", "init": 5}
{"method": "k-steph", "final scores": {"recallk": 0.47757701421566784, "mrr": 0.6142111230457095, "ndcg": 0.35693788180669883, "mapk": 0.652690728114768}, "k": 10, "reranker": "graph_aware", "sample_type": "medium", "init": 5}
{"method": "k-steph", "final scores": {"recallk": 0.4607625364167787, "mrr": 0.6788936627282492, "ndcg": 0.35455429838899166, "mapk": 0.7090350824864984}, "k": 10, "reranker": "BM25", "sample_type": "long", "init": 5}
{"method": "k-steph", "final scores": {"recallk": 0.4595204229435573, "mrr": 0.6739706408879341, "ndcg": 0.35186413259707866, "mapk": 0.7029224506111875}, "k": 10, "reranker": "graph_aware", "sample_type": "long", "init": 5}
{"method": "k-steph", "final scores": {"recallk": 0.46479715018044315, "mrr": 0.6532591399132753, "ndcg": 0.3619953923043095, "mapk": 0.6750583800913494}, "k": 10, "reranker": "BM25", "sample_type": "all_samples", "init": 5}
{"method": "k-steph", "final scores": {"recallk": 0.46113755144375995, "mrr": 0.6243256951903569, "ndcg": 0.34520287844091696, "mapk": 0.6559310686440424}, "k": 10, "reranker": "graph_aware", "sample_type": "all_samples", "init": 5}
{"method": "k-steph", "final scores": {"recallk": 0.45037624573627494, "mrr": 0.6183136412459721, "ndcg": 0.3510567704523212, "mapk": 0.6341139897066327}, "k": 10, "reranker": "BM25", "sample_type": "small", "init": 5}
{"method": "k-steph", "final scores": {"recallk": 0.45279936155978157, "mrr": 0.5957393483709275, "ndcg": 0.3387313190285716, "mapk": 0.6197089049655625}, "k": 10, "reranker": "graph_aware", "sample_type": "small", "init": 5}
{"method": "k-steph", "final scores": {"recallk": 0.48325266838827613, "mrr": 0.6625701157656044, "ndcg": 0.3803751080716159, "mapk": 0.682026068080917}, "k": 10, "reranker": "BM25", "sample_type": "medium", "init": 5}
{"method": "k-steph", "final scores": {"recallk": 0.4810025105653627, "mrr": 0.6305853920515575, "ndcg": 0.37403961876045183, "mapk": 0.6682610561981261}, "k": 10, "reranker": "graph_aware", "sample_type": "medium", "init": 5}
{"method": "k-steph", "final scores": {"recallk": 0.4607625364167787, "mrr": 0.677640529896169, "ndcg": 0.35449981435281425, "mapk": 0.7087371903103366}, "k": 10, "reranker": "BM25", "sample_type": "long", "init": 5}
{"method": "k-steph", "final scores": {"recallk": 0.4635990989991266, "mrr": 0.7024525599713569, "ndcg": 0.36881148936145847, "mapk": 0.7210043896656917}, "k": 10, "reranker": "graph_aware", "sample_type": "long", "init": 5}
{"method": "k-steph", "final scores": {"recallk": 0.46479715018044315, "mrr": 0.6528414289692487, "ndcg": 0.361977230958917, "mapk": 0.6749590826992955}, "k": 10, "reranker": "BM25", "sample_type": "all_samples", "init": 5}
{"method": "k-steph", "final scores": {"recallk": 0.46580032370809016, "mrr": 0.6429257667979474, "ndcg": 0.36052747571682725, "mapk": 0.6696581169431269}, "k": 10, "reranker": "graph_aware", "sample_type": "all_samples", "init": 5}
{"method": "k-steph", "final scores": {"recallk": 0.4738530429602977, "mrr": 0.6667919799498746, "ndcg": 0.41596680757678467, "mapk": 0.6763704839791254}, "k": 10, "reranker": "cross_encoder", "sample_type": "small", "init": 5}
{"method": "k-steph", "final scores": {"recallk": 0.49795714427553556, "mrr": 0.7423558897243108, "ndcg": 0.44576721680223025, "mapk": 0.7365068643021191}, "k": 10, "reranker": "cross_encoder", "sample_type": "medium", "init": 5}
{"method": "k-steph", "final scores": {"recallk": 0.49715400753851074, "mrr": 0.8114035087719298, "ndcg": 0.44882714072805724, "mapk": 0.802887414511154}, "k": 10, "reranker": "cross_encoder", "sample_type": "long", "init": 5}
{"method": "k-steph", "final scores": {"recallk": 0.48965473159144834, "mrr": 0.7401837928153717, "ndcg": 0.4368537217023572, "mapk": 0.7385882542641321}, "k": 10, "reranker": "cross_encoder", "sample_type": "all_samples", "init": 5}
