{
          "Nodes": 40221,
          "Edges": 220878,
          "Pagerank Top Nodes": [
                    34885209,
                    32637041,
                    33235461,
                    33503260,
                    33176147
          ],
          "Graph Density": 0.0001365392556201576,
          "Average Degree": 10.983217722085477,
          "Number of connected components": 530,
          "Number of communities": [
                    622,
                    0.9091009944096845
          ],
          "largest_component_size": 5715,
          "avg_clustering": 0.22546062252432514,
          "top_degree_nodes": [
                    [
                              287325,
                              19
                    ],
                    [
                              1441463,
                              19
                    ],
                    [
                              1500078,
                              19
                    ],
                    [
                              1789905,
                              19
                    ],
                    [
                              2019970,
                              19
                    ],
                    [
                              2147615,
                              19
                    ],
                    [
                              2300562,
                              19
                    ],
                    [
                              2515622,
                              19
                    ],
                    [
                              2670376,
                              19
                    ],
                    [
                              2772682,
                              19
                    ]
          ]
}