{
          "Nodes": 40221,
          "Edges": 37652,
          "Pagerank Top Nodes": [
                    32709714,
                    31720987,
                    24469045,
                    18347777,
                    29048557
          ],
          "Graph Density": 2.3275183823695316e-05,
          "Average Degree": 1.8722557867780512,
          "Number of connected components": 12628,
          "Number of communities": [
                    12642,
                    0.9982215681508094
          ],
          "largest_component_size": 1562,
          "avg_clustering": 0.10678708469041602,
          "top_degree_nodes": [
                    [
                              9797,
                              4
                    ],
                    [
                              117628,
                              4
                    ],
                    [
                              207959,
                              4
                    ],
                    [
                              213536,
                              4
                    ],
                    [
                              273896,
                              4
                    ],
                    [
                              287325,
                              4
                    ],
                    [
                              308705,
                              4
                    ],
                    [
                              323424,
                              4
                    ],
                    [
                              324229,
                              4
                    ],
                    [
                              367436,
                              4
                    ]
          ]
}