{
          "Nodes": 40221,
          "Edges": 764199,
          "Pagerank Top Nodes": [
                    11850619,
                    11242053,
                    16850123,
                    25682878,
                    23332287
          ],
          "Graph Density": 0.0004724017901541522,
          "Average Degree": 38.0,
          "Number of connected components": 6,
          "Number of communities": [
                    27,
                    0.8029531811740102
          ],
          "largest_component_size": 9751,
          "avg_clustering": 0.3472025392395796,
          "top_degree_nodes": [
                    [
                              27296952,
                              148
                    ],
                    [
                              25682878,
                              133
                    ],
                    [
                              11242053,
                              126
                    ],
                    [
                              20693987,
                              124
                    ],
                    [
                              17224041,
                              123
                    ],
                    [
                              25071008,
                              123
                    ],
                    [
                              15336969,
                              121
                    ],
                    [
                              17379100,
                              119
                    ],
                    [
                              19721809,
                              119
                    ],
                    [
                              25965365,
                              116
                    ]
          ]
}