{
          "Nodes": 40221,
          "Edges": 764210,
          "Pagerank Top Nodes": [
                    11850619,
                    16850123,
                    31752933,
                    17382013,
                    11242053
          ],
          "Graph Density": 0.0004724085899794486,
          "Average Degree": 38.00054697794685,
          "Number of connected components": 2,
          "Number of communities": [
                    56,
                    0.6843840883651543
          ],
          "largest_component_size": 40190,
          "avg_clustering": 0.35559903896182865,
          "top_degree_nodes": [
                    [
                              27296952,
                              143
                    ],
                    [
                              25682878,
                              131
                    ],
                    [
                              11242053,
                              122
                    ],
                    [
                              15336969,
                              122
                    ],
                    [
                              16026106,
                              122
                    ],
                    [
                              19721809,
                              122
                    ],
                    [
                              20693987,
                              120
                    ],
                    [
                              20925959,
                              120
                    ],
                    [
                              23509776,
                              118
                    ],
                    [
                              15448640,
                              116
                    ]
          ]
}