{
          "Nodes": 40221,
          "Edges": 39045,
          "Pagerank Top Nodes": [
                    27965160,
                    32709714,
                    24469045,
                    18347777,
                    28356547
          ],
          "Graph Density": 2.4136288972595975e-05,
          "Average Degree": 1.9415230849556202,
          "Number of connected components": 12342,
          "Number of communities": [
                    12354,
                    0.9984994798580573
          ],
          "largest_component_size": 1050,
          "avg_clustering": 0.12118669351831185,
          "top_degree_nodes": [
                    [
                              1309715,
                              4
                    ],
                    [
                              1332607,
                              4
                    ],
                    [
                              1337883,
                              4
                    ],
                    [
                              1371280,
                              4
                    ],
                    [
                              1379232,
                              4
                    ],
                    [
                              1587867,
                              4
                    ],
                    [
                              1808207,
                              4
                    ],
                    [
                              2404771,
                              4
                    ],
                    [
                              2820585,
                              4
                    ],
                    [
                              2840207,
                              4
                    ]
          ]
}