{"method": "Baseline", "final scores": {"recallk": 0.47344924537100125, "mrr": 0.6285177228786253, "ndcg": 0.3579263766898556, "mapk": 0.6511923301395991}, "k": 10, "reranker": "", "sample_type": "small"}
{"method": "Baseline", "final scores": {"recallk": 0.4838721214274631, "mrr": 0.6688357799260054, "ndcg": 0.3855693298185862, "mapk": 0.6818675574520148}, "k": 10, "reranker": "", "sample_type": "medium"}
{"method": "Baseline", "final scores": {"recallk": 0.4791948969482733, "mrr": 0.7375313283208021, "ndcg": 0.3860246106396459, "mapk": 0.7472918093410511}, "k": 10, "reranker": "", "sample_type": "long"}
{"method": "Baseline", "final scores": {"recallk": 0.47883875458224556, "mrr": 0.6782949437084775, "ndcg": 0.3765067723826958, "mapk": 0.6934505656442216}, "k": 10, "reranker": "", "sample_type": "all_samples"}
{"method": "PPR", "final scores": {"recallk": 0.3531417195851508, "mrr": 0.5679197994987468, "ndcg": 0.26821108198918037, "mapk": 0.6060083648162743}, "k": 10, "alpha": 0.3, "reranker": "", "sample_type": "small", "init": 5}
{"method": "PPR", "final scores": {"recallk": 0.3959359221108936, "mrr": 0.6092731829573935, "ndcg": 0.30711887502569446, "mapk": 0.6468769538794438}, "k": 10, "alpha": 0.3, "reranker": "", "sample_type": "medium", "init": 5}
{"method": "PPR", "final scores": {"recallk": 0.36733944581697414, "mrr": 0.6953634085213033, "ndcg": 0.29213765193030455, "mapk": 0.7243608402250421}, "k": 10, "alpha": 0.3, "reranker": "", "sample_type": "long", "init": 5}
{"method": "PPR", "final scores": {"recallk": 0.3721390291710067, "mrr": 0.624185463659148, "ndcg": 0.289155869648393, "mapk": 0.6590820529735864}, "k": 10, "alpha": 0.3, "reranker": "", "sample_type": "all_samples", "init": 5}
{"method": "PPR", "final scores": {"recallk": 0.3531417195851508, "mrr": 0.5773182957393485, "ndcg": 0.2710684147149341, "mapk": 0.6104693585828733}, "k": 10, "alpha": 0.5, "reranker": "", "sample_type": "small", "init": 5}
{"method": "PPR", "final scores": {"recallk": 0.3959359221108936, "mrr": 0.6182957393483709, "ndcg": 0.31426926980964687, "mapk": 0.6530628704934186}, "k": 10, "alpha": 0.5, "reranker": "", "sample_type": "medium", "init": 5}
{"method": "PPR", "final scores": {"recallk": 0.36733944581697414, "mrr": 0.7057644110275689, "ndcg": 0.2982287327620973, "mapk": 0.7316146880498003}, "k": 10, "alpha": 0.5, "reranker": "", "sample_type": "long", "init": 5}
{"method": "PPR", "final scores": {"recallk": 0.3721390291710067, "mrr": 0.6337928153717629, "ndcg": 0.2945221390955594, "mapk": 0.665048972375364}, "k": 10, "alpha": 0.5, "reranker": "", "sample_type": "all_samples", "init": 5}
{"method": "k-steph", "final scores": {"recallk": 0.4457298770059832, "mrr": 0.6225026852846401, "ndcg": 0.35236820148011894, "mapk": 0.6371852106803605}, "k": 10, "reranker": "BM25", "sample_type": "small", "init": 5}
{"method": "k-steph", "final scores": {"recallk": 0.4394047123101918, "mrr": 0.5585511397541472, "ndcg": 0.31872102985422546, "mapk": 0.5939527960189335}, "k": 10, "reranker": "graph_aware", "sample_type": "small", "init": 5}
{"method": "k-steph", "final scores": {"recallk": 0.47124443606823474, "mrr": 0.6611528822055137, "ndcg": 0.378456322268566, "mapk": 0.6750678441203305}, "k": 10, "reranker": "BM25", "sample_type": "medium", "init": 5}
{"method": "k-steph", "final scores": {"recallk": 0.47020522916254703, "mrr": 0.57452858336317, "ndcg": 0.3440910776090659, "mapk": 0.6272651336207603}, "k": 10, "reranker": "graph_aware", "sample_type": "medium", "init": 5}
{"method": "k-steph", "final scores": {"recallk": 0.4570855972873815, "mrr": 0.7033297529538132, "ndcg": 0.36550395986800566, "mapk": 0.7224284908496332}, "k": 10, "reranker": "BM25", "sample_type": "long", "init": 5}
{"method": "k-steph", "final scores": {"recallk": 0.4510103881517542, "mrr": 0.672753311851056, "ndcg": 0.3430511934234679, "mapk": 0.703685273611039}, "k": 10, "reranker": "graph_aware", "sample_type": "long", "init": 5}
{"method": "k-steph", "final scores": {"recallk": 0.45801997012053286, "mrr": 0.6623284401479891, "ndcg": 0.3654428278722302, "mapk": 0.6782271818834414}, "k": 10, "reranker": "BM25", "sample_type": "all_samples", "init": 5}
{"method": "k-steph", "final scores": {"recallk": 0.4535401098748311, "mrr": 0.6019443449894578, "ndcg": 0.33528776696225276, "mapk": 0.6416344010835774}, "k": 10, "reranker": "graph_aware", "sample_type": "all_samples", "init": 5}
{"method": "k-steph", "final scores": {"recallk": 0.4457298770059832, "mrr": 0.6262620837808808, "ndcg": 0.35612759997635957, "mapk": 0.6399601749392217}, "k": 10, "reranker": "BM25", "sample_type": "small", "init": 5}
{"method": "k-steph", "final scores": {"recallk": 0.44513964664940336, "mrr": 0.5796365914786967, "ndcg": 0.32904050186566636, "mapk": 0.6115779940101004}, "k": 10, "reranker": "graph_aware", "sample_type": "small", "init": 5}
{"method": "k-steph", "final scores": {"recallk": 0.47124443606823474, "mrr": 0.6611528822055137, "ndcg": 0.378456322268566, "mapk": 0.6750678441203305}, "k": 10, "reranker": "BM25", "sample_type": "medium", "init": 5}
{"method": "k-steph", "final scores": {"recallk": 0.46989433462414837, "mrr": 0.6081543143573219, "ndcg": 0.3647585814587076, "mapk": 0.6481412874651018}, "k": 10, "reranker": "graph_aware", "sample_type": "medium", "init": 5}
{"method": "k-steph", "final scores": {"recallk": 0.4570855972873815, "mrr": 0.7045828857858933, "ndcg": 0.36675709270008594, "mapk": 0.7234129250870128}, "k": 10, "reranker": "BM25", "sample_type": "long", "init": 5}
{"method": "k-steph", "final scores": {"recallk": 0.4534441304726564, "mrr": 0.6989348370927317, "ndcg": 0.36077858253855416, "mapk": 0.722600674818745}, "k": 10, "reranker": "graph_aware", "sample_type": "long", "init": 5}
{"method": "k-steph", "final scores": {"recallk": 0.45801997012053286, "mrr": 0.663999283924096, "ndcg": 0.3671136716483372, "mapk": 0.6794803147155216}, "k": 10, "reranker": "BM25", "sample_type": "all_samples", "init": 5}
{"method": "k-steph", "final scores": {"recallk": 0.45615937058206923, "mrr": 0.6289085809762502, "ndcg": 0.351525888620976, "mapk": 0.6607733187646493}, "k": 10, "reranker": "graph_aware", "sample_type": "all_samples", "init": 5}
{"method": "k-steph", "final scores": {"recallk": 0.47054794502019914, "mrr": 0.687844611528822, "ndcg": 0.4245935266009749, "mapk": 0.6957002849826844}, "k": 10, "reranker": "cross_encoder", "sample_type": "small", "init": 5}
{"method": "k-steph", "final scores": {"recallk": 0.49455877965426087, "mrr": 0.721813462226996, "ndcg": 0.43706099257935394, "mapk": 0.7259563174053139}, "k": 10, "reranker": "cross_encoder", "sample_type": "medium", "init": 5}
{"method": "k-steph", "final scores": {"recallk": 0.4738621366099531, "mrr": 0.7907268170426065, "ndcg": 0.43580601751411296, "mapk": 0.783612929056612}, "k": 10, "reranker": "cross_encoder", "sample_type": "long", "init": 5}
{"method": "k-steph", "final scores": {"recallk": 0.4796562870948044, "mrr": 0.7334616302661416, "ndcg": 0.43248684556481376, "mapk": 0.7350898438148696}, "k": 10, "reranker": "cross_encoder", "sample_type": "all_samples", "init": 5}
{"method": "k-steph", "final scores": {"recallk": 0.4457298770059832, "mrr": 0.6225026852846401, "ndcg": 0.35236820148011894, "mapk": 0.6371852106803605}, "k": 10, "reranker": "BM25", "sample_type": "small", "init": 5}
{"method": "k-steph", "final scores": {"recallk": 0.47124443606823474, "mrr": 0.6611528822055137, "ndcg": 0.378456322268566, "mapk": 0.6750678441203305}, "k": 10, "reranker": "BM25", "sample_type": "medium", "init": 5}
{"method": "k-steph", "final scores": {"recallk": 0.4570855972873815, "mrr": 0.7033297529538132, "ndcg": 0.36550395986800566, "mapk": 0.7224284908496332}, "k": 10, "reranker": "BM25", "sample_type": "long", "init": 5}
{"method": "k-steph", "final scores": {"recallk": 0.45801997012053286, "mrr": 0.6623284401479891, "ndcg": 0.3654428278722302, "mapk": 0.6782271818834414}, "k": 10, "reranker": "BM25", "sample_type": "all_samples",