{
          "Nodes": 40221,
          "Edges": 97974,
          "Pagerank Top Nodes": [
                    29785026,
                    33235461,
                    34495528,
                    34694619,
                    34469860
          ],
          "Graph Density": 6.05641894173676e-05,
          "Average Degree": 4.87178339673305,
          "Number of connected components": 2975,
          "Number of communities": [
                    3171,
                    0.961465001322
          ],
          "largest_component_size": 4897,
          "avg_clustering": 0.1980385157717916,
          "top_degree_nodes": [
                    [
                              1282192,
                              9
                    ],
                    [
                              1309939,
                              9
                    ],
                    [
                              1348618,
                              9
                    ],
                    [
                              1409666,
                              9
                    ],
                    [
                              1556753,
                              9
                    ],
                    [
                              1779707,
                              9
                    ],
                    [
                              2247152,
                              9
                    ],
                    [
                              2514275,
                              9
                    ],
                    [
                              2665605,
                              9
                    ],
                    [
                              3086870,
                              9
                    ]
          ]
}