{
          "Nodes": 40221,
          "Edges": 160887,
          "Pagerank Top Nodes": [
                    22353706,
                    22684583,
                    22564122,
                    11242053,
                    19302050
          ],
          "Graph Density": 9.945486295131383e-05,
          "Average Degree": 8.000149175803685,
          "Number of connected components": 38,
          "Number of communities": [
                    176,
                    0.952386802676406
          ],
          "largest_component_size": 2988,
          "avg_clustering": 0.3062935612592285,
          "top_degree_nodes": [
                    [
                              11242053,
                              38
                    ],
                    [
                              11830511,
                              37
                    ],
                    [
                              12016139,
                              34
                    ],
                    [
                              17637683,
                              32
                    ],
                    [
                              11399382,
                              32
                    ],
                    [
                              21464712,
                              31
                    ],
                    [
                              21816040,
                              31
                    ],
                    [
                              15450610,
                              31
                    ],
                    [
                              22674539,
                              31
                    ],
                    [
                              18842591,
                              31
                    ]
          ]
}