{
          "Nodes": 40221,
          "Edges": 362010,
          "Pagerank Top Nodes": [
                    26943236,
                    15791812,
                    20512075,
                    31752933,
                    21904575
          ],
          "Graph Density": 0.00022378225050504467,
          "Average Degree": 18.00104423062579,
          "Number of connected components": 2,
          "Number of communities": [
                    108,
                    0.7932654278255856
          ],
          "largest_component_size": 40190,
          "avg_clustering": 0.3446425970204254,
          "top_degree_nodes": [
                    [
                              23463798,
                              75
                    ],
                    [
                              25682878,
                              68
                    ],
                    [
                              16862185,
                              66
                    ],
                    [
                              22303401,
                              66
                    ],
                    [
                              24462468,
                              65
                    ],
                    [
                              15336969,
                              64
                    ],
                    [
                              30251885,
                              62
                    ],
                    [
                              11830511,
                              61
                    ],
                    [
                              11242053,
                              60
                    ],
                    [
                              16784548,
                              60
                    ]
          ]
}