{
          "Nodes": 40221,
          "Edges": 361990,
          "Pagerank Top Nodes": [
                    26943236,
                    20512075,
                    15791812,
                    21904575,
                    22353706
          ],
          "Graph Density": 0.0002237698871863239,
          "Average Degree": 18.000049725267896,
          "Number of connected components": 6,
          "Number of communities": [
                    135,
                    0.8274583515057468
          ],
          "largest_component_size": 9837,
          "avg_clustering": 0.3479009505194745,
          "top_degree_nodes": [
                    [
                              23463798,
                              77
                    ],
                    [
                              25682878,
                              69
                    ],
                    [
                              17224041,
                              64
                    ],
                    [
                              22303401,
                              64
                    ],
                    [
                              12016139,
                              63
                    ],
                    [
                              15336969,
                              63
                    ],
                    [
                              30251885,
                              62
                    ],
                    [
                              11242053,
                              60
                    ],
                    [
                              24462468,
                              60
                    ],
                    [
                              26943236,
                              59
                    ]
          ]
}